"No.","Time","Source","Destination","Protocol","Length","Data","Info"
"1","0.000000","0xa8a1","0x0000","ZigBee","68","224ff22a813943b1e8658478a7d3d5","Data, Dst: 0x0000, Src: 0xa8a1"
"6","2.578395","0xa8a1","0x0000","ZigBee","68","7f77802534ba495d77023ed3a7aabd","Data, Dst: 0x0000, Src: 0xa8a1"
"10","5.157402","0xa8a1","0x0000","ZigBee","68","5e9d54052f901a58a4b510770e86f4","Data, Dst: 0x0000, Src: 0xa8a1"
"14","7.738956","0xa8a1","0x0000","ZigBee","68","f3f5b9f61984eaf3372d4fd93f2c0c","Data, Dst: 0x0000, Src: 0xa8a1"
"19","10.318367","0xa8a1","0x0000","ZigBee","68","c3779966a8e5c0603ccdaef234a56b","Data, Dst: 0x0000, Src: 0xa8a1"
"23","12.898382","0xa8a1","0x0000","ZigBee","68","ff4a25ffb703050c2d4e6e2ac0a95b","Data, Dst: 0x0000, Src: 0xa8a1"
"31","18.056565","0xa8a1","0x0000","ZigBee","68","eae6689b76035da42bfe346ee2c754","Data, Dst: 0x0000, Src: 0xa8a1"
"35","20.636900","0xa8a1","0x0000","ZigBee","68","4a76d7c531a80bd65b3cb0d10599d8","Data, Dst: 0x0000, Src: 0xa8a1"
"39","23.215892","0xa8a1","0x0000","ZigBee","68","9addf37076b4b6274b8316e7923fc3","Data, Dst: 0x0000, Src: 0xa8a1"
"43","25.794768","0xa8a1","0x0000","ZigBee","68","16704c1d71d523d015b7e8c50f1fd4","Data, Dst: 0x0000, Src: 0xa8a1"
"47","28.375477","0xa8a1","0x0000","ZigBee","68","e711f7892d92a26e0f7b4e22643418","Data, Dst: 0x0000, Src: 0xa8a1"
"52","30.955980","0xa8a1","0x0000","ZigBee","68","ce8bec700dd0158430b38caa710d0a","Data, Dst: 0x0000, Src: 0xa8a1"
"56","33.535809","0xa8a1","0x0000","ZigBee","68","b5a650ae3d2c84f0ed3ce0272bca58","Data, Dst: 0x0000, Src: 0xa8a1"
"60","36.114618","0xa8a1","0x0000","ZigBee","68","cc08d2a7164fc25af634bcd50dd70b","Data, Dst: 0x0000, Src: 0xa8a1"
"64","38.695116","0xa8a1","0x0000","ZigBee","68","283aac7bfeeaafb0db31da18e3a0be","Data, Dst: 0x0000, Src: 0xa8a1"
"68","41.273977","0xa8a1","0x0000","ZigBee","68","6e2780a0c9093506113d2a6ca66fda","Data, Dst: 0x0000, Src: 0xa8a1"
"72","43.855707","0xa8a1","0x0000","ZigBee","68","12e00c8ff4071045ef64aff5dddf7d","Data, Dst: 0x0000, Src: 0xa8a1"
"78","46.433166","0xa8a1","0x0000","ZigBee","68","00707d07ebc355d0c4299f8291c9a6","Data, Dst: 0x0000, Src: 0xa8a1"
"82","49.013535","0xa8a1","0x0000","ZigBee","68","a2d03dfc98b797471699ee5ee514c4","Data, Dst: 0x0000, Src: 0xa8a1"
"86","51.594328","0xa8a1","0x0000","ZigBee","68","d5c0335f74bb1c9d05953bb4369d54","Data, Dst: 0x0000, Src: 0xa8a1"
"93","56.755164","0xa8a1","0x0000","ZigBee","68","d143ae5c96b9375d4d95f20f7dfe88","Data, Dst: 0x0000, Src: 0xa8a1"
"97","59.334793","0xa8a1","0x0000","ZigBee","68","bd9f3fa376b1421517effe31dca2b4","Data, Dst: 0x0000, Src: 0xa8a1"
"105","61.936850","0xa8a1","0x0000","ZigBee","77","f438bf31d937e42b0cd30673b4be64029357efeec916d5f1","Command, Dst: 0x0000, Src: 0xa8a1"
"108","62.334231","0xa8a1","0x0000","ZigBee","77","923336e721d868524296c4a15e0d0946d974df38cc8a284c","Command, Dst: 0x0000, Src: 0xa8a1"
"111","62.733371","0xa8a1","0x0000","ZigBee","77","fc6ef6e0e5797cd4eabdab70be8adf65e2579665a89c0705","Command, Dst: 0x0000, Src: 0xa8a1"
"114","63.482224","0xa8a1","0x0000","ZigBee","68","54de72035f2a6b56eb483eb02fe630","Data, Dst: 0x0000, Src: 0xa8a1"
"117","64.498437","0xa8a1","0x0000","ZigBee","68","f336750f914a29c82bef9decbb2927","Data, Dst: 0x0000, Src: 0xa8a1"
"121","67.078044","0xa8a1","0x0000","ZigBee","68","71931c305fba797fdb7f035ab202f6","Data, Dst: 0x0000, Src: 0xa8a1"
"125","69.659592","0xa8a1","0x0000","ZigBee","68","1c5113f2607f321639a4135a32f972","Data, Dst: 0x0000, Src: 0xa8a1"
"129","72.239612","0xa8a1","0x0000","ZigBee","68","94c111d4f1ffa1674d72ead3357917","Data, Dst: 0x0000, Src: 0xa8a1"
"134","74.820733","0xa8a1","0x0000","ZigBee","68","1075f389fee9c5762320ca1c6f4264","Data, Dst: 0x0000, Src: 0xa8a1"
