"No.","Time","Mac Src Address","Mac Dst Address","Nwk Src Address","Nwk Dst Address","Protocol","Length","RSSI","LQI","Info","New Column","Data"
"","","0x0000","Broadcast","0x0000","0xffff","ZigBee","","","","Command, Dst: Broadcast, Src: 0x0000","0acb07a296","0acb07a296"
"","","0xa8a1","Broadcast","0xa8a1","0xffff","ZigBee","","","","Command, Dst: Broadcast, Src: 0xa8a1","b3a96a7332","b3a96a7332"
"","","0x0000","Broadcast","0x0000","0xffff","ZigBee","","","","Command, Dst: Broadcast, Src: 0x0000","56061fd327","56061fd327"
"","","0xa8a1","Broadcast","0xa8a1","0xffff","ZigBee","","","","Command, Dst: Broadcast, Src: 0xa8a1","eeffdfbcd6","eeffdfbcd6"
"","","0x0000","Broadcast","0x0000","0xffff","ZigBee","","","","Command, Dst: Broadcast, Src: 0x0000","a5fbd85a39","a5fbd85a39"
"","","0xa8a1","Broadcast","0xa8a1","0xffff","ZigBee","","","","Command, Dst: Broadcast, Src: 0xa8a1","6661b405a1","6661b405a1"
"","","0x0000","Broadcast","0x0000","0xffff","ZigBee","","","","Command, Dst: Broadcast, Src: 0x0000","8cc49070c8","8cc49070c8"
"","","0x0000","Broadcast","0x0000","0xffff","ZigBee","","","","Command, Dst: Broadcast, Src: 0x0000","f3cca3104f","f3cca3104f"
"","","0xa8a1","Broadcast","0xa8a1","0xffff","ZigBee","","","","Command, Dst: Broadcast, Src: 0xa8a1","4cc47f5aa0","4cc47f5aa0"
"","","0x0000","Broadcast","0x0000","0xffff","ZigBee","","","","Command, Dst: Broadcast, Src: 0x0000","ffbc1cfeb4a2f2be98fee985bfed","ffbc1cfeb4a2f2be98fee985bfed"
"","","0x0000","Broadcast","0x0000","0xffff","ZigBee","","","","Command, Dst: Broadcast, Src: 0x0000","c289ed73ec6c93cb968c1f22aa06","c289ed73ec6c93cb968c1f22aa06"
"","","0x0000","Broadcast","0x0000","0xffff","ZigBee","","","","Command, Dst: Broadcast, Src: 0x0000","5d2f2013e142b6686e7a5526b19d","5d2f2013e142b6686e7a5526b19d"
"","","0x0000","Broadcast","0x0000","0xffff","ZigBee","","","","Command, Dst: Broadcast, Src: 0x0000","21f3aa05dd01ec5425f8682b3b03","21f3aa05dd01ec5425f8682b3b03"
"","","0x0000","Broadcast","0x0000","0xffff","ZigBee","","","","Command, Dst: Broadcast, Src: 0x0000","94ff992dcc","94ff992dcc"
